transaction_id,user_id,final_amount,user_aov,amount_aov_ratio
TXN_109183,10618,37665.76,173.46,217.14
TXN_109961,13650,50366.66,354.2,142.2
TXN_102769,11654,55981.15,488.92,114.5
TXN_102663,15381,40186.09,463.62,86.68
TXN_107860,10552,48713.7,675.87,72.08
TXN_103947,14654,38251.02,560.68,68.22
TXN_102632,12248,49395.33,733.88,67.31
TXN_107827,13338,32496.64,574.21,56.59
TXN_108449,13397,37793.75,686.45,55.06
TXN_100522,15879,21292.55,399.02,53.36
TXN_106341,15664,49734.94,945.96,52.58
TXN_108708,11676,83511.29,1728.88,48.3
TXN_108227,12719,46464.33,1025.04,45.33
TXN_108139,14846,13066.69,300.87,43.43
TXN_108515,11457,23629.98,551.88,42.82
TXN_105150,13222,14254.82,334.43,42.62
TXN_106829,13775,40581.51,1081.19,37.53
TXN_103092,13526,47755.7,1287.61,37.09
TXN_105509,13359,13790.68,373.63,36.91
TXN_111309,14864,50077.1,1398.8,35.8
