user_id,user_region,membership_type,transaction_count,purchase_count,avg_transaction_amount,total_transaction_value
12709,Central,Silver,8,0,47424.67,379397.38
14781,North,Regular,8,0,45464.73,363717.81
10019,North,Regular,8,0,37472.18,299777.46
14525,Central,Regular,8,0,32548.81,260390.5
13855,East,Silver,8,1,31745.99,253967.92
12687,Central,Gold,8,1,27439.13,219513.02
11099,Central,Silver,8,1,26280.85,210246.76
13720,Central,Regular,8,1,22153.12,177224.93
12598,North,Silver,7,0,44438.74,311071.21
13202,West,Premium,7,0,39105.03,273735.21
14977,East,Regular,7,0,32822.22,229755.53
12811,Central,Regular,7,0,32198.7,225390.89
11725,North,Regular,7,0,29977.53,209842.68
13630,Central,Premium,7,0,29719.77,208038.4
11997,Central,Regular,7,0,28161.31,197129.2
10546,North,Regular,7,0,26859.67,188017.68
11017,Central,Gold,7,0,26293.84,184056.86
15948,East,Regular,7,0,25407.3,177851.11
13427,East,Silver,7,1,24902.73,174319.11
12157,East,Regular,7,0,24101.9,168713.32
