transaction_id,user_id,event_timestamp,final_amount,previous_amount,amount_difference
TXN_108708,11676,2024-07-11 23:19:03,83511.29,2304.0,81207.29
TXN_111152,10993,2024-12-27 18:05:14,82925.76,2768.69,80157.07
TXN_111331,13280,2024-07-27 16:07:43,85965.22,8141.88,77823.34
TXN_110515,14391,2024-08-11 20:07:46,83218.16,6175.71,77042.45
TXN_105012,12950,2024-03-24 05:30:57,80209.22,5380.48,74828.74
TXN_108793,11219,2024-03-29 22:26:01,79130.54,4686.03,74444.51
TXN_100117,13105,2024-02-19 04:01:29,80550.91,6249.38,74301.53
TXN_102637,12149,2024-09-12 22:02:25,7217.47,81512.37,-74294.9
TXN_111270,13813,2024-05-01 07:47:34,7996.86,82074.59,-74077.73
TXN_105420,11807,2024-10-06 19:37:29,78453.37,4534.29,73919.08
TXN_105348,15716,2024-08-14 19:17:07,89737.43,16942.17,72795.26
TXN_109227,11314,2024-06-12 04:04:06,82469.05,10607.38,71861.67
TXN_100388,12538,2024-10-15 05:13:57,8671.32,80390.38,-71719.06
TXN_103389,11801,2024-09-19 14:09:43,72941.64,1587.59,71354.05
TXN_103034,13158,2024-03-03 06:49:17,1635.39,72505.78,-70870.39
TXN_108063,13368,2024-06-21 02:56:14,71967.16,1115.56,70851.6
TXN_103230,15662,2024-08-03 15:57:03,72769.8,2325.38,70444.42
TXN_108440,15232,2024-11-26 01:18:25,73292.67,2851.75,70440.92
TXN_101284,13294,2024-12-07 21:35:47,4537.62,74936.37,-70398.75
TXN_111088,14020,2024-10-24 08:13:29,2138.36,72240.52,-70102.16
