transaction_id,user_id,final_amount,user_avg_transaction,transaction_to_user_avg_ratio
TXN_111343,14523,66106.86,21547.08,3.07
TXN_105954,13749,69298.59,23321.33,2.97
TXN_106588,13198,63529.09,22170.75,2.87
TXN_109972,13673,44941.05,15771.03,2.85
TXN_108063,13368,71967.16,25211.95,2.85
TXN_106303,14518,21331.73,7630.64,2.8
TXN_104918,13427,68845.98,24902.73,2.76
TXN_111152,10993,82925.76,31052.2,2.67
TXN_108959,15017,67931.56,25563.18,2.66
TXN_108356,14761,42007.82,16020.47,2.62
TXN_107021,10919,81872.19,31330.76,2.61
TXN_106898,10116,76095.49,29124.26,2.61
TXN_109110,11284,77264.59,29751.98,2.6
TXN_104728,12896,33511.07,12904.64,2.6
TXN_111839,14020,72240.52,27808.92,2.6
TXN_107785,10546,69755.65,26859.67,2.6
TXN_106344,15276,74783.34,28876.22,2.59
TXN_101035,10010,63935.79,24773.46,2.58
TXN_103438,12687,70539.03,27439.13,2.57
TXN_108055,12372,67596.35,26414.61,2.56
